/*
  # Datos Demo Completos para Real Estate CRM

  1. Usuarios adicionales con contrase침as
  2. Leads de ejemplo con datos realistas
  3. Meetings programadas
  4. Calls completadas
  5. Scripts adicionales
  6. Actividades y puntos
  7. Notificaciones de ejemplo
*/

-- =============================================
-- USUARIOS DEMO CON AUTH
-- =============================================

-- Insertar usuarios en auth.users (esto normalmente se har칤a a trav칠s de Supabase Auth)
-- Nota: En producci칩n, estos usuarios se crear칤an a trav칠s del sistema de auth de Supabase

-- Actualizar usuarios existentes con m치s informaci칩n
UPDATE users SET 
  last_login = NOW() - INTERVAL '2 hours',
  is_active = true
WHERE email IN ('mafer@real_estate.com', 'mariano@real_estate.com', 'pablo@real_estate.com', 'jaquelite@real_estate.com', 'raquel@real_estate.com', 'admin@real_estate.com');

-- =============================================
-- LEADS ADICIONALES DE EJEMPLO
-- =============================================
INSERT INTO leads (id, name, email, phone, source, status, priority, assigned_to, next_action, next_action_date, budget, interests, notes, ai_analysis, lead_score) VALUES
    ('cc0e8400-e29b-41d4-a716-446655440004', 'Ana Mart칤nez', 'ana.martinez@email.com', '+52 998 777 8888', 'Instagram', 'contacted', 'medium', '550e8400-e29b-41d4-a716-446655440004', 'Seguimiento por WhatsApp', NOW() + INTERVAL '2 hours', 2000000, ARRAY['Departamento', 'Inversi칩n'], 'Contactada por Instagram, mostr칩 inter칠s inicial',
     '{"sentiment": "neutral", "buyingIntent": 60, "keyPoints": ["Primera interacci칩n", "Necesita m치s informaci칩n"], "recommendedScript": "discovery-basic", "nextBestAction": "Enviar informaci칩n por WhatsApp"}', 45),

    ('cc0e8400-e29b-41d4-a716-446655440005', 'Luis Rodr칤guez', 'luis.rodriguez@email.com', '+52 998 444 5555', 'Website', 'qualified', 'high', '550e8400-e29b-41d4-a716-446655440005', 'Agendar presentaci칩n presencial', NOW() + INTERVAL '6 hours', 4500000, ARRAY['Penthouse', 'Lujo', 'Vista al mar'], 'Cliente premium, busca penthouse de lujo',
     '{"sentiment": "positive", "buyingIntent": 95, "keyPoints": ["Presupuesto alto confirmado", "Decisi칩n r치pida", "Experiencia en bienes ra칤ces"], "recommendedScript": "presentation-premium", "nextBestAction": "Presentaci칩n presencial inmediata"}', 92),

    ('cc0e8400-e29b-41d4-a716-446655440006', 'Carmen L칩pez', 'carmen.lopez@email.com', '+52 998 333 2222', 'Referido', 'presentation', 'high', '550e8400-e29b-41d4-a716-446655440001', 'Seguimiento post-presentaci칩n', NOW() + INTERVAL '1 day', 2800000, ARRAY['Departamento', '2 rec치maras', 'Amenidades'], 'Referida por Carlos Hern치ndez, ya vio presentaci칩n',
     '{"sentiment": "positive", "buyingIntent": 80, "keyPoints": ["Referido confiable", "Presentaci칩n exitosa", "Evaluando financiamiento"], "recommendedScript": "closing-referral", "nextBestAction": "Propuesta de financiamiento personalizada"}', 78),

    ('cc0e8400-e29b-41d4-a716-446655440007', 'Diego Morales', 'diego.morales@email.com', '+52 998 666 7777', 'Google Ads', 'new', 'low', '550e8400-e29b-41d4-a716-446655440002', 'Primera llamada', NOW() + INTERVAL '4 hours', 1500000, ARRAY['Studio', 'Primera vivienda'], 'Lead nuevo de Google Ads, presupuesto limitado',
     '{"sentiment": "neutral", "buyingIntent": 40, "keyPoints": ["Presupuesto ajustado", "Primera vivienda", "Necesita educaci칩n"], "recommendedScript": "discovery-first-time", "nextBestAction": "Llamada educativa sobre beneficios"}', 35),

    ('cc0e8400-e29b-41d4-a716-446655440008', 'Patricia Vega', 'patricia.vega@email.com', '+52 998 888 9999', 'Facebook Ads', 'booked', 'high', '550e8400-e29b-41d4-a716-446655440003', 'Env칤o de contrato', NOW() + INTERVAL '12 hours', 3500000, ARRAY['Penthouse', 'Inversi칩n', 'Renta vacacional'], 'Apart칩 penthouse, esperando contrato',
     '{"sentiment": "positive", "buyingIntent": 100, "keyPoints": ["Apartado confirmado", "Pago de enganche listo", "Inversionista experimentada"], "recommendedScript": "post-booking", "nextBestAction": "Proceso de cierre y documentaci칩n"}', 95),

    ('cc0e8400-e29b-41d4-a716-446655440009', 'Fernando Castro', 'fernando.castro@email.com', '+52 998 111 2222', 'WhatsApp', 'lost', 'medium', '550e8400-e29b-41d4-a716-446655440004', 'Seguimiento en 3 meses', NOW() + INTERVAL '90 days', 2200000, ARRAY['Departamento', '1 rec치mara'], 'No procedi칩 por timing, mantener en nurturing',
     '{"sentiment": "neutral", "buyingIntent": 30, "keyPoints": ["Timing incorrecto", "Inter칠s genuino", "Seguimiento futuro"], "recommendedScript": "nurture-campaign", "nextBestAction": "Campa침a de nurturing trimestral"}', 25),

    ('cc0e8400-e29b-41d4-a716-446655440010', 'Sof칤a Ram칤rez', 'sofia.ramirez@email.com', '+52 998 555 6666', 'Evento', 'qualified', 'medium', '550e8400-e29b-41d4-a716-446655440005', 'Presentaci칩n Zoom', NOW() + INTERVAL '2 days', 1900000, ARRAY['Departamento', 'Amenidades', 'Seguridad'], 'Conocida en evento inmobiliario, muy interesada',
     '{"sentiment": "positive", "buyingIntent": 75, "keyPoints": ["Contacto en persona", "Conoce el mercado", "Busca seguridad"], "recommendedScript": "presentation-security", "nextBestAction": "Presentaci칩n enfocada en seguridad y amenidades"}', 68)
ON CONFLICT (id) DO NOTHING;

-- =============================================
-- MEETINGS DE EJEMPLO
-- =============================================
INSERT INTO meetings (id, title, date, duration, type, status, attendees, notes, lead_id, assigned_to, ghl_event_id, zoom_link, reminder_sent, location, meeting_type) VALUES
    ('ee0e8400-e29b-41d4-a716-446655440001', 'Presentaci칩n Zoom - Luis Rodr칤guez', NOW() + INTERVAL '6 hours', 60, 'zoom', 'scheduled', ARRAY['Luis Rodr칤guez', 'Raquel'], 'Cliente premium interesado en penthouse', 'cc0e8400-e29b-41d4-a716-446655440005', '550e8400-e29b-41d4-a716-446655440005', 'ghl_event_127', 'https://zoom.us/j/111222333', false, 'Zoom Meeting', 'presentation'),

    ('ee0e8400-e29b-41d4-a716-446655440002', 'Visita Presencial - Carmen L칩pez', NOW() + INTERVAL '1 day', 90, 'physical', 'scheduled', ARRAY['Carmen L칩pez', 'Mafer'], 'Seguimiento post-presentaci칩n, cliente referido', 'cc0e8400-e29b-41d4-a716-446655440006', '550e8400-e29b-41d4-a716-446655440001', 'ghl_event_128', NULL, true, 'Oficina de Ventas - Tulum', 'follow_up'),

    ('ee0e8400-e29b-41d4-a716-446655440003', 'Llamada Discovery - Ana Mart칤nez', NOW() + INTERVAL '2 hours', 30, 'phone', 'scheduled', ARRAY['Ana Mart칤nez', 'Jaquelite'], 'Primera llamada de calificaci칩n', 'cc0e8400-e29b-41d4-a716-446655440004', '550e8400-e29b-41d4-a716-446655440004', 'ghl_event_129', NULL, false, 'Llamada telef칩nica', 'discovery'),

    ('ee0e8400-e29b-41d4-a716-446655440004', 'Presentaci칩n Zoom - Sof칤a Ram칤rez', NOW() + INTERVAL '2 days', 45, 'zoom', 'scheduled', ARRAY['Sof칤a Ram칤rez', 'Raquel'], 'Presentaci칩n enfocada en seguridad y amenidades', 'cc0e8400-e29b-41d4-a716-446655440010', '550e8400-e29b-41d4-a716-446655440005', 'ghl_event_130', 'https://zoom.us/j/444555666', true, 'Zoom Meeting', 'presentation'),

    ('ee0e8400-e29b-41d4-a716-446655440005', 'Reuni칩n de Cierre - Patricia Vega', NOW() - INTERVAL '2 days', 120, 'physical', 'completed', ARRAY['Patricia Vega', 'Pablo'], 'Reuni칩n de cierre exitosa, apartado confirmado', 'cc0e8400-e29b-41d4-a716-446655440008', '550e8400-e29b-41d4-a716-446655440003', 'ghl_event_131', NULL, true, 'Oficina de Ventas - Tulum', 'closing')
ON CONFLICT (id) DO NOTHING;

-- =============================================
-- CALLS DE EJEMPLO
-- =============================================
INSERT INTO calls (id, lead_id, type, status, start_time, end_time, duration, outcome, notes, assigned_to, ai_analysis, call_quality_score) VALUES
    ('ff0e8400-e29b-41d4-a716-446655440001', 'cc0e8400-e29b-41d4-a716-446655440005', 'manual', 'completed', NOW() - INTERVAL '1 day', NOW() - INTERVAL '1 day' + INTERVAL '22 minutes', 1320, 'qualified', 'Excelente llamada, cliente muy interesado en penthouse premium', '550e8400-e29b-41d4-a716-446655440005', 
     '{"sentiment": "positive", "keyTopics": ["Presupuesto confirmado 4.5M", "Experiencia en bienes ra칤ces", "Decisi칩n r치pida"], "nextAction": "Agendar presentaci칩n presencial", "transcription": "Cliente con experiencia en inversiones, busca penthouse de lujo..."}', 95),

    ('ff0e8400-e29b-41d4-a716-446655440002', 'cc0e8400-e29b-41d4-a716-446655440004', 'vapi', 'completed', NOW() - INTERVAL '3 hours', NOW() - INTERVAL '3 hours' + INTERVAL '8 minutes', 480, 'interested', 'Llamada VAPI exitosa, lead calificado para seguimiento humano', 'vapi-bot',
     '{"sentiment": "neutral", "keyTopics": ["Inter칠s en departamentos", "Presupuesto 2M", "Necesita m치s informaci칩n"], "nextAction": "Seguimiento humano por WhatsApp", "transcription": "Lead muestra inter칠s inicial, requiere m치s informaci칩n sobre financiamiento..."}', 78),

    ('ff0e8400-e29b-41d4-a716-446655440003', 'cc0e8400-e29b-41d4-a716-446655440006', 'manual', 'completed', NOW() - INTERVAL '2 days', NOW() - INTERVAL '2 days' + INTERVAL '35 minutes', 2100, 'qualified', 'Llamada post-presentaci칩n muy positiva, cliente listo para apartado', '550e8400-e29b-41d4-a716-446655440001',
     '{"sentiment": "positive", "keyTopics": ["Presentaci칩n exitosa", "Financiamiento aprobado", "Lista para apartar"], "nextAction": "Proceso de apartado", "transcription": "Cliente muy satisfecha con la presentaci칩n, financiamiento pre-aprobado..."}', 92),

    ('ff0e8400-e29b-41d4-a716-446655440004', 'cc0e8400-e29b-41d4-a716-446655440007', 'manual', 'failed', NOW() - INTERVAL '6 hours', NULL, 0, 'no-answer', 'No contest칩, reagendar para ma침ana', '550e8400-e29b-41d4-a716-446655440002', NULL, 0),

    ('ff0e8400-e29b-41d4-a716-446655440005', 'cc0e8400-e29b-41d4-a716-446655440009', 'manual', 'completed', NOW() - INTERVAL '5 days', NOW() - INTERVAL '5 days' + INTERVAL '15 minutes', 900, 'not-interested', 'Cliente no puede proceder en este momento por timing', '550e8400-e29b-41d4-a716-446655440004',
     '{"sentiment": "neutral", "keyTopics": ["Timing incorrecto", "Inter칠s futuro", "Mantener contacto"], "nextAction": "Campa침a de nurturing", "transcription": "Cliente interesado pero no puede proceder ahora, mantener en seguimiento..."}', 65)
ON CONFLICT (id) DO NOTHING;

-- =============================================
-- SCRIPTS ADICIONALES
-- =============================================
INSERT INTO scripts (id, name, type, content, variables, created_by, tags, effectiveness_score, usage_count) VALUES
    ('880e8400-e29b-41d4-a716-446655440004', 'Script de Cierre - Apartado', 'closing',
     'Perfecto [NOMBRE_CLIENTE], veo que Selva Dentro es exactamente lo que buscas.

Para asegurar tu unidad preferida, el proceso es muy sencillo:

**Apartado Inmediato:**
- Apartado: $[MONTO_APARTADO] MXN
- Reserva tu unidad por 15 d칤as
- Sin compromiso adicional durante este per칤odo

**Beneficios de Apartar Hoy:**
- Precio actual garantizado
- Primera opci칩n en amenidades premium
- Acceso a descuentos por pronto pago
- Asesor칤a legal incluida

**Siguiente Paso:**
Te env칤o el contrato de apartado ahora mismo. 쯇refieres recibirlo por email o WhatsApp?

Una vez firmado, coordinamos la visita a las instalaciones para que conozcas personalmente tu futura inversi칩n.

쯇rocedemos con el apartado de [TIPO_UNIDAD] en [UBICACION]?',
     ARRAY['NOMBRE_CLIENTE', 'MONTO_APARTADO', 'TIPO_UNIDAD', 'UBICACION'],
     '550e8400-e29b-41d4-a716-446655440006',
     ARRAY['cierre', 'apartado', 'urgencia'], 89, 23),

    ('880e8400-e29b-41d4-a716-446655440005', 'Script Post-Presentaci칩n', 'closing',
     'Gracias [NOMBRE_CLIENTE] por tu tiempo en la presentaci칩n.

쯈u칠 fue lo que m치s te gust칩 de Selva Dentro?

[PAUSA PARA ESCUCHAR]

Excelente. Veo que realmente conectaste con [ASPECTO_FAVORITO].

Basado en lo que me comentas, la unidad [TIPO_UNIDAD] con [CARACTERISTICAS] ser칤a perfecta para ti.

**Tu Inversi칩n:**
- Precio: $[PRECIO] MXN
- Enganche: $[ENGANCHE] MXN ([PORCENTAJE_ENGANCHE]%)
- Pagos mensuales: $[PAGO_MENSUAL] MXN

**쯈u칠 necesitas para tomar la decisi칩n?**

Entiendo que es una inversi칩n importante. 쮿ay alguna pregunta espec칤fica que pueda resolver para ti ahora mismo?',
     ARRAY['NOMBRE_CLIENTE', 'ASPECTO_FAVORITO', 'TIPO_UNIDAD', 'CARACTERISTICAS', 'PRECIO', 'ENGANCHE', 'PORCENTAJE_ENGANCHE', 'PAGO_MENSUAL'],
     '550e8400-e29b-41d4-a716-446655440006',
     ARRAY['post-presentacion', 'cierre', 'seguimiento'], 85, 34),

    ('880e8400-e29b-41d4-a716-446655440006', 'Script para Referidos', 'discovery',
     'Hola [NOMBRE_CLIENTE], habla [NOMBRE_AGENTE] de Real Estate CRM.

[NOMBRE_REFERIDOR] me coment칩 que podr칤as estar interesado en conocer sobre nuestros desarrollos en Tulum. 춰Qu칠 buena referencia!

[NOMBRE_REFERIDOR] ya es parte de nuestra familia Selva Dentro y est치 muy contento con su inversi칩n.

Me gustar칤a platicar contigo sobre las oportunidades que tenemos disponibles. 쯊ienes unos minutos?

**Beneficio Especial por Referido:**
- Descuento adicional del 3%
- Condiciones preferenciales de financiamiento
- Acceso prioritario a las mejores unidades

쯈u칠 tipo de propiedad te interesa m치s? 쯇ara uso personal o como inversi칩n?',
     ARRAY['NOMBRE_CLIENTE', 'NOMBRE_AGENTE', 'NOMBRE_REFERIDOR'],
     '550e8400-e29b-41d4-a716-446655440006',
     ARRAY['referidos', 'descubrimiento', 'beneficios'], 92, 18)
ON CONFLICT (id) DO NOTHING;

-- =============================================
-- ACTIVIDADES ADICIONALES
-- =============================================
INSERT INTO activities (id, user_id, lead_id, type, title, description, points_earned, duration, outcome, metadata) VALUES
    ('dd0e8400-e29b-41d4-a716-446655440004', '550e8400-e29b-41d4-a716-446655440005', 'cc0e8400-e29b-41d4-a716-446655440005', 'call', 'Llamada de calificaci칩n premium', 'Llamada exitosa con cliente premium Luis Rodr칤guez', 10, 22, 'qualified', '{"call_quality": "excellent", "budget_confirmed": true}'),
    
    ('dd0e8400-e29b-41d4-a716-446655440005', '550e8400-e29b-41d4-a716-446655440001', 'cc0e8400-e29b-41d4-a716-446655440006', 'meeting', 'Presentaci칩n Zoom exitosa', 'Presentaci칩n completada con Carmen L칩pez', 15, 45, 'interested', '{"meeting_type": "presentation", "engagement": "high"}'),
    
    ('dd0e8400-e29b-41d4-a716-446655440006', '550e8400-e29b-41d4-a716-446655440003', 'cc0e8400-e29b-41d4-a716-446655440008', 'meeting', 'Cierre exitoso - Apartado', 'Reuni칩n de cierre con Patricia Vega - Apartado confirmado', 30, 120, 'booked', '{"meeting_type": "closing", "result": "booking_confirmed"}'),
    
    ('dd0e8400-e29b-41d4-a716-446655440007', '550e8400-e29b-41d4-a716-446655440002', 'cc0e8400-e29b-41d4-a716-446655440007', 'whatsapp', 'Seguimiento WhatsApp', 'Mensaje de seguimiento a Diego Morales', 2, 3, 'positive_response', '{"platform": "whatsapp", "response_time": "immediate"}'),
    
    ('dd0e8400-e29b-41d4-a716-446655440008', '550e8400-e29b-41d4-a716-446655440004', 'cc0e8400-e29b-41d4-a716-446655440004', 'email', 'Env칤o de informaci칩n', 'Informaci칩n detallada enviada a Ana Mart칤nez', 1, 5, 'delivered', '{"email_type": "information_package", "opened": true}'),
    
    ('dd0e8400-e29b-41d4-a716-446655440009', '550e8400-e29b-41d4-a716-446655440005', 'cc0e8400-e29b-41d4-a716-446655440010', 'note', 'Notas de evento inmobiliario', 'Contacto establecido en evento, muy interesada', 3, 10, 'qualified', '{"event_name": "Expo Inmobiliaria Canc칰n", "interest_level": "high"}'),
    
    ('dd0e8400-e29b-41d4-a716-446655440010', '550e8400-e29b-41d4-a716-446655440001', 'cc0e8400-e29b-41d4-a716-446655440001', 'whatsapp', 'Confirmaci칩n de cita', 'Confirmaci칩n de presentaci칩n Zoom con Carlos', 2, 2, 'confirmed', '{"message_type": "appointment_confirmation"}')
ON CONFLICT (id) DO NOTHING;

-- =============================================
-- PUNTOS ADICIONALES PARA EL SISTEMA
-- =============================================
INSERT INTO points_system (user_id, activity_type, activity_subtype, points, description, reference_id, period_month, period_year) VALUES
    -- Puntos para Mafer
    ('550e8400-e29b-41d4-a716-446655440001', 'presentation', 'zoom', 15, 'Presentaci칩n Zoom exitosa con Carmen L칩pez', 'dd0e8400-e29b-41d4-a716-446655440005', EXTRACT(MONTH FROM NOW()), EXTRACT(YEAR FROM NOW())),
    ('550e8400-e29b-41d4-a716-446655440001', 'communication', 'whatsapp', 2, 'Confirmaci칩n de cita por WhatsApp', 'dd0e8400-e29b-41d4-a716-446655440010', EXTRACT(MONTH FROM NOW()), EXTRACT(YEAR FROM NOW())),
    ('550e8400-e29b-41d4-a716-446655440001', 'presentation', 'zoom_broker', 12, 'Presentaciones Zoom a brokers', NULL, EXTRACT(MONTH FROM NOW()), EXTRACT(YEAR FROM NOW())),
    ('550e8400-e29b-41d4-a716-446655440001', 'presentation', 'event_broker', 8, 'Presentaciones en eventos a brokers', NULL, EXTRACT(MONTH FROM NOW()), EXTRACT(YEAR FROM NOW())),
    ('550e8400-e29b-41d4-a716-446655440001', 'presentation', 'zoom_realtors', 12, 'Presentaciones Zoom a inmobiliarias (6 presentaciones)', NULL, EXTRACT(MONTH FROM NOW()), EXTRACT(YEAR FROM NOW())),
    ('550e8400-e29b-41d4-a716-446655440001', 'presentation', 'zoom_client', 45, 'Presentaciones Zoom a clientes finales (15 presentaciones)', NULL, EXTRACT(MONTH FROM NOW()), EXTRACT(YEAR FROM NOW())),
    ('550e8400-e29b-41d4-a716-446655440001', 'presentation', 'physical_broker', 12, 'Presentaciones f칤sicas a brokers (4 presentaciones)', NULL, EXTRACT(MONTH FROM NOW()), EXTRACT(YEAR FROM NOW())),
    ('550e8400-e29b-41d4-a716-446655440001', 'presentation', 'physical_realtors', 12, 'Presentaciones f칤sicas a inmobiliarias (3 presentaciones)', NULL, EXTRACT(MONTH FROM NOW()), EXTRACT(YEAR FROM NOW())),
    ('550e8400-e29b-41d4-a716-446655440001', 'presentation', 'physical_client', 35, 'Presentaciones f칤sicas a clientes finales (7 presentaciones)', NULL, EXTRACT(MONTH FROM NOW()), EXTRACT(YEAR FROM NOW())),
    ('550e8400-e29b-41d4-a716-446655440001', 'result', 'booking', 10, 'Apartado conseguido', NULL, EXTRACT(MONTH FROM NOW()), EXTRACT(YEAR FROM NOW())),
    ('550e8400-e29b-41d4-a716-446655440001', 'result', 'alliance_sale', 15, 'Venta por alianza', NULL, EXTRACT(MONTH FROM NOW()), EXTRACT(YEAR FROM NOW())),
    ('550e8400-e29b-41d4-a716-446655440001', 'result', 'direct_sale', 20, 'Venta directa', NULL, EXTRACT(MONTH FROM NOW()), EXTRACT(YEAR FROM NOW())),

    -- Puntos para Mariano
    ('550e8400-e29b-41d4-a716-446655440002', 'communication', 'whatsapp', 2, 'Seguimiento WhatsApp a Diego Morales', 'dd0e8400-e29b-41d4-a716-446655440007', EXTRACT(MONTH FROM NOW()), EXTRACT(YEAR FROM NOW())),
    ('550e8400-e29b-41d4-a716-446655440002', 'presentation', 'zoom_broker', 18, 'Presentaciones Zoom a brokers', NULL, EXTRACT(MONTH FROM NOW()), EXTRACT(YEAR FROM NOW())),
    ('550e8400-e29b-41d4-a716-446655440002', 'presentation', 'event_broker', 5, 'Presentaciones en eventos a brokers', NULL, EXTRACT(MONTH FROM NOW()), EXTRACT(YEAR FROM NOW())),
    ('550e8400-e29b-41d4-a716-446655440002', 'presentation', 'zoom_realtors', 8, 'Presentaciones Zoom a inmobiliarias', NULL, EXTRACT(MONTH FROM NOW()), EXTRACT(YEAR FROM NOW())),
    ('550e8400-e29b-41d4-a716-446655440002', 'presentation', 'zoom_client', 36, 'Presentaciones Zoom a clientes finales', NULL, EXTRACT(MONTH FROM NOW()), EXTRACT(YEAR FROM NOW())),
    ('550e8400-e29b-41d4-a716-446655440002', 'presentation', 'physical_broker', 18, 'Presentaciones f칤sicas a brokers', NULL, EXTRACT(MONTH FROM NOW()), EXTRACT(YEAR FROM NOW())),
    ('550e8400-e29b-41d4-a716-446655440002', 'presentation', 'physical_realtors', 8, 'Presentaciones f칤sicas a inmobiliarias', NULL, EXTRACT(MONTH FROM NOW()), EXTRACT(YEAR FROM NOW())),
    ('550e8400-e29b-41d4-a716-446655440002', 'presentation', 'physical_client', 25, 'Presentaciones f칤sicas a clientes finales', NULL, EXTRACT(MONTH FROM NOW()), EXTRACT(YEAR FROM NOW())),
    ('550e8400-e29b-41d4-a716-446655440002', 'result', 'booking', 10, 'Apartado conseguido', NULL, EXTRACT(MONTH FROM NOW()), EXTRACT(YEAR FROM NOW())),
    ('550e8400-e29b-41d4-a716-446655440002', 'result', 'alliance_sale', 30, 'Ventas por alianza (2 ventas)', NULL, EXTRACT(MONTH FROM NOW()), EXTRACT(YEAR FROM NOW())),

    -- Puntos para Pablo
    ('550e8400-e29b-41d4-a716-446655440003', 'meeting', 'closing', 30, 'Reuni칩n de cierre exitosa con Patricia Vega', 'dd0e8400-e29b-41d4-a716-446655440006', EXTRACT(MONTH FROM NOW()), EXTRACT(YEAR FROM NOW())),
    ('550e8400-e29b-41d4-a716-446655440003', 'presentation', 'zoom_broker', 15, 'Presentaciones Zoom a brokers', NULL, EXTRACT(MONTH FROM NOW()), EXTRACT(YEAR FROM NOW())),
    ('550e8400-e29b-41d4-a716-446655440003', 'presentation', 'event_broker', 7, 'Presentaciones en eventos a brokers', NULL, EXTRACT(MONTH FROM NOW()), EXTRACT(YEAR FROM NOW())),
    ('550e8400-e29b-41d4-a716-446655440003', 'presentation', 'zoom_realtors', 16, 'Presentaciones Zoom a inmobiliarias', NULL, EXTRACT(MONTH FROM NOW()), EXTRACT(YEAR FROM NOW())),
    ('550e8400-e29b-41d4-a716-446655440003', 'presentation', 'zoom_client', 27, 'Presentaciones Zoom a clientes finales', NULL, EXTRACT(MONTH FROM NOW()), EXTRACT(YEAR FROM NOW())),
    ('550e8400-e29b-41d4-a716-446655440003', 'presentation', 'physical_broker', 9, 'Presentaciones f칤sicas a brokers', NULL, EXTRACT(MONTH FROM NOW()), EXTRACT(YEAR FROM NOW())),
    ('550e8400-e29b-41d4-a716-446655440003', 'presentation', 'physical_realtors', 16, 'Presentaciones f칤sicas a inmobiliarias', NULL, EXTRACT(MONTH FROM NOW()), EXTRACT(YEAR FROM NOW())),
    ('550e8400-e29b-41d4-a716-446655440003', 'presentation', 'physical_client', 30, 'Presentaciones f칤sicas a clientes finales', NULL, EXTRACT(MONTH FROM NOW()), EXTRACT(YEAR FROM NOW())),
    ('550e8400-e29b-41d4-a716-446655440003', 'result', 'booking', 10, 'Apartado conseguido', NULL, EXTRACT(MONTH FROM NOW()), EXTRACT(YEAR FROM NOW())),
    ('550e8400-e29b-41d4-a716-446655440003', 'result', 'alliance_sale', 15, 'Venta por alianza', NULL, EXTRACT(MONTH FROM NOW()), EXTRACT(YEAR FROM NOW())),
    ('550e8400-e29b-41d4-a716-446655440003', 'result', 'direct_sale', 20, 'Venta directa', NULL, EXTRACT(MONTH FROM NOW()), EXTRACT(YEAR FROM NOW())),

    -- Puntos para Jaquelite
    ('550e8400-e29b-41d4-a716-446655440004', 'communication', 'email', 1, 'Informaci칩n enviada a Ana Mart칤nez', 'dd0e8400-e29b-41d4-a716-446655440008', EXTRACT(MONTH FROM NOW()), EXTRACT(YEAR FROM NOW())),
    ('550e8400-e29b-41d4-a716-446655440004', 'presentation', 'zoom_broker', 10, 'Presentaciones Zoom a brokers', NULL, EXTRACT(MONTH FROM NOW()), EXTRACT(YEAR FROM NOW())),
    ('550e8400-e29b-41d4-a716-446655440004', 'presentation', 'event_broker', 4, 'Presentaciones en eventos a brokers', NULL, EXTRACT(MONTH FROM NOW()), EXTRACT(YEAR FROM NOW())),
    ('550e8400-e29b-41d4-a716-446655440004', 'presentation', 'zoom_realtors', 10, 'Presentaciones Zoom a inmobiliarias', NULL, EXTRACT(MONTH FROM NOW()), EXTRACT(YEAR FROM NOW())),
    ('550e8400-e29b-41d4-a716-446655440004', 'presentation', 'zoom_client', 24, 'Presentaciones Zoom a clientes finales', NULL, EXTRACT(MONTH FROM NOW()), EXTRACT(YEAR FROM NOW())),
    ('550e8400-e29b-41d4-a716-446655440004', 'presentation', 'physical_broker', 6, 'Presentaciones f칤sicas a brokers', NULL, EXTRACT(MONTH FROM NOW()), EXTRACT(YEAR FROM NOW())),
    ('550e8400-e29b-41d4-a716-446655440004', 'presentation', 'physical_realtors', 4, 'Presentaciones f칤sicas a inmobiliarias', NULL, EXTRACT(MONTH FROM NOW()), EXTRACT(YEAR FROM NOW())),
    ('550e8400-e29b-41d4-a716-446655440004', 'presentation', 'physical_client', 20, 'Presentaciones f칤sicas a clientes finales', NULL, EXTRACT(MONTH FROM NOW()), EXTRACT(YEAR FROM NOW())),
    ('550e8400-e29b-41d4-a716-446655440004', 'result', 'booking', 10, 'Apartado conseguido', NULL, EXTRACT(MONTH FROM NOW()), EXTRACT(YEAR FROM NOW())),
    ('550e8400-e29b-41d4-a716-446655440004', 'result', 'alliance_sale', 15, 'Venta por alianza', NULL, EXTRACT(MONTH FROM NOW()), EXTRACT(YEAR FROM NOW())),

    -- Puntos para Raquel
    ('550e8400-e29b-41d4-a716-446655440005', 'call', 'qualification', 10, 'Llamada exitosa con Luis Rodr칤guez', 'dd0e8400-e29b-41d4-a716-446655440004', EXTRACT(MONTH FROM NOW()), EXTRACT(YEAR FROM NOW())),
    ('550e8400-e29b-41d4-a716-446655440005', 'note', 'event_contact', 3, 'Contacto en evento inmobiliario', 'dd0e8400-e29b-41d4-a716-446655440009', EXTRACT(MONTH FROM NOW()), EXTRACT(YEAR FROM NOW())),
    ('550e8400-e29b-41d4-a716-446655440005', 'presentation', 'zoom_broker', 8, 'Presentaciones Zoom a brokers', NULL, EXTRACT(MONTH FROM NOW()), EXTRACT(YEAR FROM NOW())),
    ('550e8400-e29b-41d4-a716-446655440005', 'presentation', 'event_broker', 3, 'Presentaciones en eventos a brokers', NULL, EXTRACT(MONTH FROM NOW()), EXTRACT(YEAR FROM NOW())),
    ('550e8400-e29b-41d4-a716-446655440005', 'presentation', 'zoom_realtors', 6, 'Presentaciones Zoom a inmobiliarias', NULL, EXTRACT(MONTH FROM NOW()), EXTRACT(YEAR FROM NOW())),
    ('550e8400-e29b-41d4-a716-446655440005', 'presentation', 'zoom_client', 18, 'Presentaciones Zoom a clientes finales', NULL, EXTRACT(MONTH FROM NOW()), EXTRACT(YEAR FROM NOW())),
    ('550e8400-e29b-41d4-a716-446655440005', 'presentation', 'physical_broker', 3, 'Presentaciones f칤sicas a brokers', NULL, EXTRACT(MONTH FROM NOW()), EXTRACT(YEAR FROM NOW())),
    ('550e8400-e29b-41d4-a716-446655440005', 'presentation', 'physical_realtors', 8, 'Presentaciones f칤sicas a inmobiliarias', NULL, EXTRACT(MONTH FROM NOW()), EXTRACT(YEAR FROM NOW())),
    ('550e8400-e29b-41d4-a716-446655440005', 'presentation', 'physical_client', 15, 'Presentaciones f칤sicas a clientes finales', NULL, EXTRACT(MONTH FROM NOW()), EXTRACT(YEAR FROM NOW())),
    ('550e8400-e29b-41d4-a716-446655440005', 'result', 'booking', 10, 'Apartado conseguido', NULL, EXTRACT(MONTH FROM NOW()), EXTRACT(YEAR FROM NOW())),
    ('550e8400-e29b-41d4-a716-446655440005', 'result', 'direct_sale', 20, 'Venta directa', NULL, EXTRACT(MONTH FROM NOW()), EXTRACT(YEAR FROM NOW()))
ON CONFLICT DO NOTHING;

-- =============================================
-- NOTIFICACIONES DE EJEMPLO
-- =============================================
INSERT INTO notifications (id, user_id, title, message, type, action_url, metadata) VALUES
    ('gg0e8400-e29b-41d4-a716-446655440001', '550e8400-e29b-41d4-a716-446655440001', '游꿀 춰Nuevo apartado!', 'Carmen L칩pez ha confirmado el apartado de su departamento. 춰Felicidades!', 'success', '/leads/cc0e8400-e29b-41d4-a716-446655440006', '{"lead_id": "cc0e8400-e29b-41d4-a716-446655440006", "amount": 2800000}'),
    
    ('gg0e8400-e29b-41d4-a716-446655440002', '550e8400-e29b-41d4-a716-446655440005', '游 Llamada programada', 'Tienes una presentaci칩n Zoom con Luis Rodr칤guez en 6 horas', 'info', '/meetings/ee0e8400-e29b-41d4-a716-446655440001', '{"meeting_id": "ee0e8400-e29b-41d4-a716-446655440001", "type": "zoom"}'),
    
    ('gg0e8400-e29b-41d4-a716-446655440003', '550e8400-e29b-41d4-a716-446655440004', '丘멆잺 Seguimiento pendiente', 'Ana Mart칤nez est치 esperando tu llamada de seguimiento', 'warning', '/leads/cc0e8400-e29b-41d4-a716-446655440004', '{"lead_id": "cc0e8400-e29b-41d4-a716-446655440004", "action": "call"}'),
    
    ('gg0e8400-e29b-41d4-a716-446655440004', '550e8400-e29b-41d4-a716-446655440003', '游늶 Contrato pendiente', 'Enviar contrato de apartado a Patricia Vega', 'info', '/leads/cc0e8400-e29b-41d4-a716-446655440008', '{"lead_id": "cc0e8400-e29b-41d4-a716-446655440008", "action": "send_contract"}'),
    
    ('gg0e8400-e29b-41d4-a716-446655440005', '550e8400-e29b-41d4-a716-446655440002', '游댃 Lead para seguimiento', 'Diego Morales no contest칩 la llamada, reagendar para ma침ana', 'warning', '/calls/ff0e8400-e29b-41d4-a716-446655440004', '{"call_id": "ff0e8400-e29b-41d4-a716-446655440004", "action": "reschedule"}'),
    
    ('gg0e8400-e29b-41d4-a716-446655440006', '550e8400-e29b-41d4-a716-446655440006', '游늵 Reporte semanal', 'Tu reporte de performance semanal est치 listo', 'info', '/reports', '{"report_type": "weekly", "period": "current_week"}')
ON CONFLICT (id) DO NOTHING;

-- =============================================
-- KNOWLEDGE BASE ADICIONAL
-- =============================================
INSERT INTO knowledge_base (id, title, category, content, tags, priority, created_by, usage_count) VALUES
    ('990e8400-e29b-41d4-a716-446655440004', 'Amenidades Premium de Selva Dentro', 'amenidades',
     '**Beach Club Exclusivo:**
- Acceso privado a 150 metros de playa
- Servicio de toallas y camastros
- Bar y restaurante frente al mar
- Actividades acu치ticas incluidas

**Spa & Wellness Center:**
- Tratamientos con productos naturales de la regi칩n
- Temazcal tradicional maya
- Yoga y meditaci칩n al amanecer
- Masajes en caba침as privadas

**Gastronom칤a de Clase Mundial:**
- Restaurante gourmet con chef internacional
- Men칰 de cocina mexicana contempor치nea
- Bar de c칩cteles artesanales
- Servicio a la habitaci칩n 24/7

**Amenidades Familiares:**
- Kids Club con actividades supervisadas
- Piscina familiar con 치rea de juegos
- Biblioteca y sala de juegos
- 츼rea de BBQ y eventos privados

**Servicios de Lujo:**
- Concierge personalizado
- Servicio de limpieza diario
- Lavander칤a y tintorer칤a
- Transporte al aeropuerto',
     ARRAY['amenidades', 'lujo', 'servicios', 'familia'], 'high',
     '550e8400-e29b-41d4-a716-446655440006', 45),

    ('990e8400-e29b-41d4-a716-446655440005', 'Proceso de Compra Paso a Paso', 'ventas',
     '**Paso 1: Apartado (D칤a 1)**
- Firma de contrato de apartado
- Pago de apartado: $50,000 MXN
- Reserva de unidad por 15 d칤as
- Asesor칤a legal incluida

**Paso 2: Enganche (D칤as 2-15)**
- Revisi칩n de documentos legales
- Pago de enganche (20-50% seg칰n plan)
- Firma de contrato de compraventa
- Inicio de tr치mites notariales

**Paso 3: Pagos Durante Construcci칩n**
- Pagos mensuales seg칰n plan elegido
- Reportes de avance de obra
- Visitas programadas a la construcci칩n
- Actualizaciones fotogr치ficas mensuales

**Paso 4: Entrega (Diciembre 2025)**
- Pago final (20% del valor)
- Entrega de llaves
- Walk-through final
- Inicio de programa de rentas (opcional)

**Documentos Requeridos:**
- Identificaci칩n oficial
- Comprobante de ingresos
- RFC y CURP
- Comprobante de domicilio',
     ARRAY['proceso', 'compra', 'documentos', 'pasos'], 'high',
     '550e8400-e29b-41d4-a716-446655440006', 67),

    ('990e8400-e29b-41d4-a716-446655440006', 'ROI y An치lisis de Inversi칩n', 'financiero',
     '**Proyecci칩n de ROI Anual:**

**Renta Vacacional:**
- Ocupaci칩n promedio: 75%
- Tarifa promedio noche: $350 USD
- Ingresos anuales estimados: $95,550 USD
- ROI neto: 8-12% anual

**Apreciaci칩n del Capital:**
- Crecimiento hist칩rico Tulum: 15% anual
- Proyecci칩n conservadora: 10% anual
- Proyecci칩n optimista: 18% anual

**Comparativo de Inversi칩n:**
- Departamento $2M MXN = ROI 10%
- Penthouse $4M MXN = ROI 12%
- Studio $1.2M MXN = ROI 8%

**Factores de Crecimiento:**
- Tren Maya (operaci칩n 2024)
- Nuevo aeropuerto de Tulum (2025)
- Desarrollo de infraestructura tur칤stica
- Crecimiento del turismo internacional

**Programa de Rentas Garantizado:**
- ROI m칤nimo garantizado: 8% anual
- Gesti칩n profesional incluida
- Marketing internacional
- Mantenimiento incluido',
     ARRAY['roi', 'inversi칩n', 'rentas', 'apreciaci칩n'], 'high',
     '550e8400-e29b-41d4-a716-446655440006', 89)
ON CONFLICT (id) DO NOTHING;

-- =============================================
-- ACTUALIZAR CONTADORES Y ESTAD칈STICAS
-- =============================================

-- Actualizar usage_count en scripts
UPDATE scripts SET usage_count = usage_count + FLOOR(RANDOM() * 20 + 5);

-- Actualizar effectiveness_score en scripts
UPDATE scripts SET effectiveness_score = 75 + FLOOR(RANDOM() * 20);

-- Actualizar usage_count en knowledge_base
UPDATE knowledge_base SET usage_count = usage_count + FLOOR(RANDOM() * 30 + 10);

-- Actualizar last_login para usuarios
UPDATE users SET last_login = NOW() - INTERVAL '1 hour' * FLOOR(RANDOM() * 24);